partTypeCode,interchangeNumber
AD,J35424
AD,J35462
AD,J4489
AD,J517
AD,J5546
AD,J5547
AD,J5548
AD,J6380
AD,J6400
AD,J65985
AD,J741
AD,J7475
AD,J8420
AD,J89655
AD,J94173
AD,J94560
AD,J98690
AD,L231
AD,L232
AD,L413
AF,2041
AF,J0032
AF,J1174
AF,J12240
AF,J20181
AF,J20182
AF,J212
AF,J36423
AF,J6358
AF,J637
AF,J87859
AJ,J0004
AJ,J0009
AJ,J209
AJ,J6579
AP,1413
AP,J0010
AP,J0012
AP,J0019
AP,J2191
AP,J45870
AP,J85366
AS,2050
AS,J476
AS,J95365
AU,1287
AU,1389
AU,J0018
AU,J00484
AU,J04501
AU,J04502
AU,J15241
AU,J15616
AU,J17156
AU,J20366
AU,J2356
AU,J2357
AU,J31093
AU,J45223
AU,J54878
AU,J63046
AU,J66352
AU,J96481
AW,J0005
AW,J0010
AW,J0026
AW,J0045
AW,J0046
AW,J0048
AW,J0089
AW,J10172
AW,J10340
AW,J1311
AW,J1312
AW,J21230
AW,J2850
AW,J45512
AW,J9023
BB,J00003
BB,J0023
BB,J0046
BB,J0054
BB,J0070
BB,J0071
BB,J13030
BB,J1327
BB,J1556
BB,J1557
BB,J1568
BB,J2001
BB,J2230
BB,J23235
BB,J23272
BB,J4170
BB,J52448
BB,J5678
BB,J89236
BB,J96585
BC,331
BC,999
BC,J0010
BC,J0029
BC,J0123
BC,J0167
BC,J0236
BC,J10291
BC,J1227
BC,J2211
BC,J24353
BC,J3486
BC,J3489
BC,J4009
BC,J40145
BC,J44532
BC,J52455
BC,J52652
BC,J598
BC,J98221
BC,J98249
BC,J98975
BC,J99106
BC,L242
BC,L634
BC,L7686
BD,J0010
BD,J0047
BD,J0167
BD,J0236
BD,J0237
BD,J0307
BD,J1228
BD,J14243
BD,J2154
BD,J2211
BD,J3486
BD,J35884
BD,J40145
BD,J42817
BD,J48758
BD,J52455
BD,J6934
BD,J7691
BD,J8191
BD,J890
BD,J98806
BD,J99475
BD,L242
BD,L634
BF,1381
BF,1638
BF,J0032
BF,J0034
BF,J0069
BF,J0176
BF,J1148
BF,J5466
BF,J87650
BH,1412
BH,J0042
BH,J0055
BH,J0059
BH,J0060
BH,J13530
BH,J1436
BH,J1486
BH,J15846
BH,J1599
BH,J1611
BH,J17321
BH,J1967
BH,J2414
BH,J24223
BH,J24224
BH,J24451
BH,J2516
BH,J34356
BH,J4843
BH,J51195
BH,J51198
BH,J5540
BH,J6331
BH,J6332
BH,J63371
BH,J63374
BH,J70145
BH,J70956
BH,J7458
BH,J75485
BH,J8579
BH,J8580
BH,J95825
BH,J95826
BH,J95827
BH,J9642
BH,J9762
BQ,1564
BQ,653
BQ,J0006
BQ,J0013
BQ,J0014
BQ,J1188
BQ,J1257
BQ,J1260
BQ,J1292
BQ,J32141
BQ,J32215
BQ,J40855
BQ,J40858
CB,2393
CB,D2801
CB,G1301
CB,G8912
CB,J00008
CB,J00009
CB,J0005
CB,J0007
CB,J0008
CB,J0012
CB,J0013
CB,J0050
CB,J0064
CB,J0112
CB,J0136
CB,J0158
CB,J0184
CB,J0186
CB,J0191
CB,J0276
CB,J0283
CB,J0284
CB,J0285
CB,J0287
CB,J0296
CB,J03309
CB,J0350
CB,J0351
CB,J0379
CB,J0382
CB,J0451
CB,J0452
CB,J0458
CB,J0567
CB,J0568
CB,J0569
CB,J0692
CB,J0769
CB,J0826
CB,J0921
CB,J0922
CB,J11880
CB,J1196
CB,J12763
CB,J1501
CB,J1529
CB,J15344
CB,J15346
CB,J1541
CB,J1564
CB,J1745
CB,J19511
CB,J19512
CB,J21633
CB,J2187
CB,J2200
CB,J2203
CB,J23122
CB,J2413
CB,J2422
CB,J24461
CB,J2456
CB,J2457
CB,J2460
CB,J2500
CB,J25010
CB,J25011
CB,J25014
CB,J2502
CB,J25521
CB,J26316
CB,J2651
CB,J2802
CB,J2813
CB,J32222
CB,J32515
CB,J3548
CB,J36323
CB,J37356
CB,J4207
CB,J4253
CB,J42530
CB,J4254
CB,J45354
CB,J45434
CB,J45556
CB,J4865
CB,J5000
CB,J5460
CB,J5551
CB,J5561
CB,J56323
CB,J5657
CB,J5658
CB,J56968
CB,J57485
CB,J59869
CB,J6100
CB,J65400
CB,J65401
CB,J65521
CB,J68784
CB,J69959
CB,J7333
CB,J74723
CB,J76154
CB,J7781
CB,J7952
CB,J79977
CB,J8453
CB,J8844
CB,J8878
CB,J88798
CB,J89695
CB,J92316
CB,J92317
CB,J92734
CB,J9581
CB,J98049
CB,J98101
CB,J9816
CB,J98555
CB,J98776
CB,J98780
CB,J98817
CB,J98844
CB,J98845
CB,J98848
CB,J98849
CB,J98850
CB,J98862
CB,J98888
CB,J98891
CB,J98892
CB,J98894
CB,J98899
CB,J9890
CB,J98906
CB,J98991
CB,J99005
CB,J99006
CB,J99023
CB,J99050
CB,J99056
CB,J99069
CB,J99095
CB,J9910
CB,J99119
CB,J99157
CB,J99158
CB,J99201
CB,J99239
CB,J99240
CB,J99297
CB,J99325
CB,J9954
CB,J9974
CB,L2081
CB,L2155
CB,L263
CB,L282
CB,L293
CB,L347
CB,L370
CB,L4756
CB,L7560
CB,P1248
CB,P769
CB,S652
CD,D1370
CD,G7680
CD,J00002
CD,J0015
CD,J0020
CD,J0023
CD,J0024
CD,J0051
CD,J0055
CD,J0061
CD,J0078
CD,J0097
CD,J0684
CD,J08974
CD,J1007
CD,J1017
CD,J1018
CD,J1060
CD,J1183
CD,J1186
CD,J11863
CD,J1207
CD,J1208
CD,J1218
CD,J1224
CD,J1239
CD,J1240
CD,J1298
CD,J1358
CD,J1474
CD,J1497
CD,J1560
CD,J1589
CD,J160
CD,J2039
CD,J2047
CD,J2051
CD,J21048
CD,J2125
CD,J2160
CD,J2179
CD,J2200
CD,J2246
CD,J2400
CD,J2408
CD,J24242
CD,J280
CD,J28956
CD,J32161
CD,J40140
CD,J41501
CD,J43000
CD,J43001
CD,J4324
CD,J4438
CD,J45633
CD,J4589
CD,J4700
CD,J5000
CD,J5422
CD,J5480
CD,J62041
CD,J62362
CD,J63285
CD,J65321
CD,J68545
CD,J71595
CD,J75421
CD,J85213
CD,J86599
CD,J9394
CD,J9475
CD,J95666
CD,J99004
CD,J99037
CD,J99039
CD,J99043
CD,J99045
CD,J99048
CD,J99050
CD,J99060
CD,J99078
CD,J99085
CD,J99090
CD,J99100
CD,J99103
CD,J99119
CD,J99143
CD,L263
CD,L284
CD,L349
CD,L749
CD,P1248
CD,P1290
CD,S408
CD,S484
CD,S612
CD,S634
CD,S651
CE,A173
CE,A572
CE,D1369
CE,G9788
CE,J0068
CE,J0086
CE,J0087
CE,J0091
CE,J0093
CE,J0096
CE,J0107
CE,J0108
CE,J0141
CE,J0145
CE,J0152
CE,J1058
CE,J1111
CE,J1187
CE,J1194
CE,J1209
CE,J12580
CE,J1294
CE,J1299
CE,J1436
CE,J1587
CE,J1588
CE,J18796
CE,J2021
CE,J2026
CE,J2035
CE,J2045
CE,J21041
CE,J21642
CE,J2177
CE,J23311
CE,J25559
CE,J25560
CE,J25595
CE,J2810
CE,J2811
CE,J35627
CE,J36651
CE,J36654
CE,J4001
CE,J4287
CE,J4299
CE,J4312
CE,J43216
CE,J4521
CE,J4573
CE,J5017
CE,J5018
CE,J65741
CE,J70116
CE,J86454
CE,J89866
CE,J9087
CE,J9088
CE,J92120
CE,J95512
CE,J95564
CE,J95653
CE,J95669
CE,J95672
CE,J95712
CE,J95726
CE,J95737
CE,J95738
CE,J95744
CE,J95761
CE,J95766
CE,J96888
CE,J98678
CE,J9972
CE,J99737
CE,J99776
CE,L1276
CE,L2341
CE,L284
CE,L3396
CE,L355
CE,L90
CE,P1249
CE,S1125
CE,S119
CE,S634
CF,A173
CF,J00284
CF,J00285
CF,J0040
CF,J0068
CF,J0086
CF,J0089
CF,J0091
CF,J0096
CF,J0107
CF,J0108
CF,J0109
CF,J0110
CF,J0145
CF,J0150
CF,J04542
CF,J08087
CF,J0923
CF,J1188
CF,J1202
CF,J1203
CF,J1209
CF,J1210
CF,J1300
CF,J15881
CF,J1589
CF,J18796
CF,J21040
CF,J2119
CF,J23311
CF,J2400
CF,J2401
CF,J247
CF,J25595
CF,J2810
CF,J2811
CF,J4001
CF,J40140
CF,J42134
CF,J4321
CF,J4522
CF,J4590
CF,J5017
CF,J5018
CF,J6003
CF,J65214
CF,J72009
CF,J85465
CF,J87048
CF,J87544
CF,J8787
CF,J95557
CF,J9913
CF,J99473
CF,J99474
CF,J99476
CF,J99511
CF,J99520
CF,J99532
CF,J9954
CF,J9955
CF,J9956
CF,J99562
CF,J99572
CF,J99575
CF,J99607
CF,J99770
CF,J99781
CF,J99987
CF,L1355
CF,L2341
CF,L265
CF,L284
CF,L3466
CF,L641
CF,P1018
CF,P1250
CF,S598
CF,S640
CF,S641
CG,J00015
CG,J00016
CG,J0003
CG,J0004
CG,J0058
CG,J0059
CG,J0060
CG,J0062
CG,J0107
CG,J0125
CG,J0453
CG,J0454
CG,J0455
CG,J0522
CG,J0524
CG,J10017
CG,J1220
CG,J1221
CG,J1222
CG,J1223
CG,J15813
CG,J15814
CG,J17416
CG,J2203
CG,J2206
CG,J2208
CG,J2302
CG,J34534
CG,J38312
CG,J39499
CG,J45100
CG,J5117
CG,J56936
CG,J63125
CG,J68475
CG,J71595
CG,J75460
CG,J77046
CG,J84166
CG,J87921
CG,J99074
CG,J99801
CN,J0145
CN,J1506
CN,J15587
CN,J1609
CN,J16519
CN,J18499
CN,J34346
CN,J36548
CN,J51221
CN,J5482
CN,J63910
CN,J63931
CN,J63932
CN,J63997
CN,J64784
CN,J8790
CN,J98952
CN,J99060
CN,J9916
CN,J99264
CN,J99765
CP,J1282
CP,J1600
CP,J23545
CP,J26898
CP,J42818
CP,J64877
CP,J98125
CP,J98802
CP,J98805
CP,J98909
CP,J98998
CP,L1209
CQ,J0008
CQ,J0058
CQ,J03288
CQ,J1211
CQ,J12261
CQ,J1800
CQ,J2084
CQ,J2168
CQ,J2615
CQ,J3541
CQ,J35411
CQ,J42151
CQ,J65214
CQ,J7411
CQ,J96599
CQ,J99948
CQ,J99964
CW,J0032
CW,J0126
CW,J0127
CW,J04568
CW,J1093
CW,J1171
CW,J14541
CW,J1600
CW,J19170
CW,J26357
CW,J31723
CW,J5984
CW,J96115
CW,J96446
DA,J0007
DA,J0030
DA,J0062
DA,J0066
DA,J0077
DA,J0954
DA,J1110
DA,J1127
DA,J1187
DA,J1194
DA,J1239
DA,J1319
DA,J1332
DA,J1396
DA,J1486
DA,J15939
DA,J2200
DA,J2201
DA,J2205
DA,J25090
DA,J280
DA,J2810
DA,J3000
DA,J3236
DA,J33159
DA,J34522
DA,J40513
DA,J40571
DA,J40901
DA,J4425
DA,J4562
DA,J4581
DA,J4648
DA,J4715
DA,J4877
DA,J53564
DA,J5458
DA,J5516
DA,J5678
DA,J63251
DA,J653
DA,J65867
DA,J6898
DA,J71596
DA,J71597
DA,J7210
DA,J74516
DA,J749
DA,J750
DA,J86545
DA,J88653
DA,J88654
DA,J9153
DA,J93222
DA,J97988
DA,J99157
DA,J99169
DA,J99204
DA,J99206
DA,J99217
DA,J99226
DA,J99248
DA,J99251
DA,J99259
DA,J99266
DA,J99326
DA,J9982
DA,L1195
DA,L261
DA,L262
DA,L345
DA,L352
DA,P1246
DA,P1289
DA,S641
DA,S907
DB,D1078
DB,D1079
DB,D1080
DB,J0007
DB,J0024
DB,J0028
DB,J0036
DB,J0053
DB,J0061
DB,J0062
DB,J0077
DB,J0092
DB,J01589
DB,J03750
DB,J1126
DB,J1127
DB,J1128
DB,J1171
DB,J1183
DB,J1186
DB,J1238
DB,J13210
DB,J1540
DB,J2200
DB,J2201
DB,J2204
DB,J22560
DB,J25190
DB,J2810
DB,J3000
DB,J31616
DB,J32011
DB,J33159
DB,J34256
DB,J34525
DB,J3882
DB,J40141
DB,J40902
DB,J4295
DB,J4569
DB,J4578
DB,J4581
DB,J4714
DB,J4751
DB,J48563
DB,J53563
DB,J57000
DB,J57001
DB,J57003
DB,J63251
DB,J653
DB,J65348
DB,J65748
DB,J65749
DB,J65864
DB,J73779
DB,J75634
DB,J7569
DB,J7680
DB,J7681
DB,J7876
DB,J8346
DB,J85351
DB,J86545
DB,J92234
DB,J96568
DB,J97706
DB,J97707
DB,J98959
DB,J99667
DB,J99669
DB,J99682
DB,J99683
DB,J99711
DB,J99716
DB,J99718
DB,J99731
DB,J99732
DB,J99739
DB,J99760
DB,J99769
DB,J99770
DB,J99771
DB,J99778
DB,J99781
DB,L1195
DB,L1290
DB,L1322
DB,L260
DB,L344
DB,P1245
DB,P1288
DB,S598
DB,S634
DB,S641
DC,B12516
DC,J0021
DC,J0022
DC,J0094
DC,J0128
DC,J1018
DC,J1093
DC,J1187
DC,J1195
DC,J1260
DC,J1261
DC,J1284
DC,J1298
DC,J1319
DC,J14700
DC,J1592
DC,J19002
DC,J20334
DC,J20501
DC,J21433
DC,J21454
DC,J2162
DC,J2181
DC,J2200
DC,J2201
DC,J2240
DC,J2248
DC,J25390
DC,J279
DC,J29700
DC,J33261
DC,J33262
DC,J34532
DC,J40141
DC,J43211
DC,J43212
DC,J45744
DC,J45786
DC,J4715
DC,J5000
DC,J5411
DC,J5483
DC,J5484
DC,J5689
DC,J58484
DC,J64322
DC,J65986
DC,J74516
DC,J7569
DC,J77845
DC,J77878
DC,J86452
DC,J8815
DC,J88152
DC,J92730
DC,J97855
DC,J98645
DC,J98661
DC,J98670
DC,J98682
DC,J98703
DC,J98708
DC,J98718
DC,J98749
DC,J98755
DC,J98994
DC,J99776
DC,J99788
DC,L1236
DC,L1293
DC,L350
DC,L357
DC,L549
DC,P1248
DC,S641
DD,J0004
DD,J0044
DD,J0046
DD,J0087
DD,J0094
DD,J0097
DD,J0128
DD,J03750
DD,J1018
DD,J1114
DD,J1195
DD,J1201
DD,J1244
DD,J1290
DD,J13757
DD,J2080
DD,J2162
DD,J2181
DD,J2201
DD,J25432
DD,J3000
DD,J3001
DD,J30700
DD,J33261
DD,J3600
DD,J45878
DD,J4591
DD,J46343
DD,J4714
DD,J4715
DD,J5483
DD,J5513
DD,J56002
DD,J56004
DD,J56722
DD,J58484
DD,J6691
DD,J67978
DD,J75486
DD,J7569
DD,J7680
DD,J77845
DD,J87896
DD,J97687
DD,J9833
DD,J99005
DD,J99008
DD,J99019
DD,J99065
DD,J99069
DD,J99082
DD,J99446
DD,L1293
DD,L263
DD,L351
DD,P1248
DK,D2039
DK,D2041
DK,J0107
DK,J0123
DK,J0130
DK,J0132
DK,J0157
DK,J0158
DK,J0211
DK,J0252
DK,J0269
DK,J0547
DK,J0579
DK,J0690
DK,J0711
DK,J11440
DK,J12002
DK,J12331
DK,J1244
DK,J1275
DK,J12759
DK,J13212
DK,J1361
DK,J14472
DK,J1486
DK,J18331
DK,J2101
DK,J2232
DK,J2252
DK,J2304
DK,J23063
DK,J2527
DK,J2550
DK,J2613
DK,J29599
DK,J2960
DK,J31141
DK,J31203
DK,J33946
DK,J34690
DK,J35163
DK,J35523
DK,J36414
DK,J36415
DK,J39011
DK,J41521
DK,J41748
DK,J45621
DK,J45679
DK,J5168
DK,J5170
DK,J56118
DK,J5641
DK,J5642
DK,J58635
DK,J58656
DK,J6531
DK,J65454
DK,J65487
DK,J6650
DK,J67586
DK,J69877
DK,J69878
DK,J7429
DK,J7430
DK,J7467
DK,J76483
DK,J82621
DK,J82731
DK,J8424
DK,J85458
DK,J8963
DK,J89841
DK,J95525
DK,J96546
DK,J97650
DK,J98112
DK,J9812
DK,J98211
DK,J98545
DK,J98592
DK,J99897
DK,J9992
DK,J99931
DK,J99939
DK,J99942
DK,J99943
DK,L2315
DK,L3115
DK,N54537
DL,D2042
DL,J00091
DL,J0025
DL,J0123
DL,J0132
DL,J0158
DL,J0294
DL,J0364
DL,J0431
DL,J04687
DL,J0509
DL,J0636
DL,J0669
DL,J0690
DL,J1121
DL,J12330
DL,J1360
DL,J1449
DL,J1506
DL,J1598
DL,J212
DL,J21234
DL,J2304
DL,J23062
DL,J23168
DL,J2321
DL,J23211
DL,J2630
DL,J29599
DL,J32890
DL,J35163
DL,J35525
DL,J35682
DL,J38066
DL,J39911
DL,J39912
DL,J42678
DL,J42800
DL,J4510
DL,J45621
DL,J45679
DL,J45878
DL,J5121
DL,J51221
DL,J5555
DL,J5641
DL,J5642
DL,J58656
DL,J6513
DL,J68598
DL,J70453
DL,J7456
DL,J75146
DL,J75634
DL,J7692
DL,J85458
DL,J8961
DL,J9258
DL,J94676
DL,J96546
DL,J97496
DL,J97695
DL,J98373
DL,J98415
DL,J98495
DL,J98507
DL,J9851
DL,J98514
DL,J9854
DL,J98748
DL,J98758
DL,J98797
DL,J98836
DL,J98844
DL,J99958
DL,L1203
DL,L2094
DL,L271
DM,J00315
DM,J0039
DM,J09700
DM,J10277
DM,J36055
DM,J36056
DM,J36465
DM,J4123
DM,J54866
DM,J56354
DM,J598
DM,J6400
DM,J87668
DM,J94769
DM,J98532
DM,J98571
DM,J98588
DM,L296
DN,1992
DN,J00006
DN,J00007
DN,J00012
DN,J0032
DN,J0325
DN,J0326
DN,J05506
DN,J0671
DN,J09700
DN,J10276
DN,J1036
DN,J1256
DN,J1324
DN,J3451
DN,J34532
DN,J34647
DN,J36555
DN,J36556
DN,J4101
DN,J41019
DN,J41028
DN,J45486
DN,J45743
DN,J54645
DN,J598
DN,J7332
DN,J75797
DN,J7681
DN,J87340
DN,J8843
DN,J900
DN,J93191
DN,J98570
DN,J98595
DN,J98615
DN,J98662
DN,J98668
DN,J98669
DN,J98670
DN,S106
DO,J3404
DO,J42534
DO,J54646
DO,J98489
DO,J98541
DO,J98547
DO,L0327
DP,J14823
DP,J53654
DP,J54647
DP,J5647
DP,J7681
DP,J7732
DP,J98643
DP,J99922
DP,L0330
DR,J0043
DR,J0881
DR,J09324
DR,J09326
DR,J1056
DR,J1160
DR,J1275
DR,J15007
DR,J1544
DR,J15649
DR,J15651
DR,J1566
DR,J15671
DR,J1590
DR,J1610
DR,J17250
DR,J19889
DR,J3204
DR,J3654
DR,J45667
DR,J5240
DR,J55892
DR,J55896
DR,J58953
DR,J58960
DR,J58961
DR,J58965
DR,J64524
DR,J65442
DR,J65819
DR,J81252
DR,J86721
DR,J86984
DR,J86985
DR,J89786
DR,J98002
DR,J9913
DR,J99544
DR,J99549
DR,J99550
DR,J99552
DR,J99556
DR,J99558
DR,J99561
DR,J9996
DS,J0104
DS,J0279
DS,J0287
DS,J0288
DS,J0289
DS,J0290
DS,J0305
DS,J0306
DS,J0389
DS,J0390
DS,J0391
DS,J07564
DS,J0942
DS,J1094
DS,J12244
DS,J1230
DS,J1231
DS,J15038
DS,J15159
DS,J18133
DS,J194
DS,J2248
DS,J22484
DS,J22544
DS,J22546
DS,J2544
DS,J26116
DS,J35411
DS,J37484
DS,J45107
DS,J49865
DS,J52632
DS,J6380
DS,J65114
DS,J65117
DS,J65341
DS,J65343
DS,J65345
DS,J65346
DS,J65384
DS,J65385
DS,J65386
DS,J65855
DS,J65877
DS,J7811
DS,J79652
DS,J8657
DS,J87976
DS,J92311
DS,J95873
DS,J95874
DS,J98052
DS,J98053
DS,J98411
DS,J98412
DS,J98522
DS,J98764
DS,J98766
DS,J98976
DS,J99295
DS,J99344
DS,J99345
DS,J99353
DS,J99376
DS,J99780
DS,J99864
DS,J99865
DS,J99882
DS,J99894
DS,J99921
E4,J0067
E4,J2063
E4,J2372
EA,D1278
EA,J0273
EA,J0341
EA,J0343
EA,J0363
EA,J0385
EA,J0386
EA,J1147
EA,J1207
EA,J12472
EA,J1254
EA,J1265
EA,J1315
EA,J1369
EA,J15311
EA,J1753
EA,J25887
EA,J26451
EA,J32451
EA,J34237
EA,J39252
EA,J39253
EA,J4002
EA,J408
EA,J475
EA,J48764
EA,J5061
EA,J51429
EA,J5347
EA,J5420
EA,J5421
EA,J54211
EA,J557
EA,J5571
EA,J63221
EA,J634
EA,J65104
EA,J653
EA,J65801
EA,J7212
EA,J809
EA,J8849
EA,J8921
EA,J8991
EA,J902
EA,J9182
EA,J96421
EA,J98994
EA,J99116
EA,J99165
EA,J99995
EA,L212
EA,L355
EA,L804
EA,P8301
EA,S612
EA,S651
EB,J0110
EB,J0220
EB,J0245
EB,J1018
EB,J1060
EB,J1095
EB,J1144
EB,J1250
EB,J1335
EB,J16322
EB,J2352
EB,J35409
EB,J43690
EB,J43691
EB,J625
EB,J84478
EB,J86499
EB,J98522
EB,J98523
EB,L612
EB,L804
EC,A752
EC,J00003
EC,J00230
EC,J0037
EC,J0051
EC,J00564
EC,J0085
EC,J0556
EC,J05899
EC,J0982
EC,J09934
EC,J09935
EC,J0998
EC,J10121
EC,J10122
EC,J11603
EC,J1297
EC,J13695
EC,J13719
EC,J13783
EC,J1560
EC,J16767
EC,J19827
EC,J21511
EC,J22015
EC,J22016
EC,J2312
EC,J25450
EC,J32412
EC,J34123
EC,J34345
EC,J45426
EC,J48221
EC,J5341
EC,J56340
EC,J61568
EC,J62460
EC,J65407
EC,J65409
EC,J6714
EC,J6715
EC,J69401
EC,J7051
EC,J76537
EC,J7694
EC,J84562
EC,J8547
EC,J85692
EC,J8594
EC,J8614
EC,J90324
EC,J9034
EC,J9035
EC,J9055
EC,J9082
EC,J9283
EC,J95212
EC,J95850
EC,J98826
EC,J98827
EC,J98977
EC,J99056
EC,J99057
EC,J99058
EC,J99251
EC,J99932
EC,J99934
EC,J99936
EC,J99937
EC,J99938
EC,J99940
EC,L698
EE,J0016
EE,J0021
EE,J0029
EE,J0120
EE,J1094
EE,J11299
EE,J1200
EE,J1552
EE,J17629
EE,J1803
EE,J1861
EE,J21250
EE,J23156
EE,J29985
EE,J34312
EE,J34322
EE,J40141
EE,J4767
EE,J54849
EE,J657
EE,J68758
EE,J7437
EE,J7612
EE,J7613
EE,J90840
EE,J95135
EE,J95400
EE,J98745
EE,J98795
EE,J98812
EE,J98819
EE,J98917
EE,J98918
EE,L1211
EE,L1252
EE,P473
EF,J1704
EF,J41974
EH,J09234
EH,J1019
EH,J10199
EH,J1190
EH,J12240
EH,J634
EH,J754
EH,J760
EH,J98468
EH,J98552
EN,J0003
EN,J2213
EN,J2219
EN,J23470
EN,J2360
EN,J2363
EN,J26512
EN,J32635
EN,J8373
EN,J99009
EN,J99019
EO,1019
EO,1444
EO,1521
EO,1604
EO,1692
EO,2184
EO,484
EO,J23550
EO,J56465
EX,320
EX,J0001
FA,J1610
FA,J27373
FA,J4849
FA,J56595
FA,J58701
FA,J65410
FA,J65411
FA,J7472
FA,J75484
FA,J84215
FA,J98547
FA,L1021
FB,J4018
FB,J431
FB,J591
FB,J98803
FB,J98850
FC,J00002
FC,J0018
FC,J0042
FC,J05610
FC,J10333
FC,J1290
FC,J17806
FC,J45690
FC,J45691
FC,J52750
FC,J52759
FC,J70392
FC,J84962
FD,J0076
FD,J0146
FD,J0278
FD,J1142
FD,J1299
FD,J1821
FD,J1974
FD,J29336
FD,J432
FD,J43534
FD,J4523
FD,J45978
FD,J557
FD,J56271
FD,J61214
FD,J65431
FD,J65855
FD,J75341
FD,J89125
FD,J93821
FD,J98350
FD,J98474
FD,J99904
FF,J0010
FF,J32550
FF,J3484
FF,J437
FF,J7499
FF,P431
FF,S447
FG,1019
FG,J0031
FG,J17399
FG,J5221
FH,J669
FI,J0097
FI,J0213
FI,J0337
FI,J0877
FI,J1543
FI,J4001
FI,J4010
FI,J61340
FI,J97865
FI,J97866
FI,J98966
FI,J98995
FI,J98996
FI,J99031
FI,L629
FK,J00654
FK,J0066
FK,J0079
FK,J0157
FK,J1295
FK,J14472
FK,J2000
FK,J2007
FK,J36111
FK,J438
FK,J63564
FK,J651
FK,J68894
FK,J76089
FK,J99078
FK,J99081
FK,J99083
FK,J99105
FK,J99189
FK,J99888
FK,L190
FK,L269
FL,1094
FL,1212
FL,1296
FL,431
FL,667
FL,J0011
FL,J1127
FL,J1365
FL,J15821
FL,J22980
FL,J2396
FL,J45341
FL,J50476
FL,J6531
FL,J6535
FL,J70902
FL,J72343
FL,J99709
FL,J99719
FL,L268
FN,J1600
FN,J56197
FN,J70200
FN,J74557
FO,1215
FO,1839
FO,J1151
FO,J1484
FO,J2257
FO,J2296
FO,J2786
FO,J75438
FO,J76776
FO,J78523
FO,J86601
FO,J86609
FQ,1608
FQ,J0003
FQ,J01020
FQ,J1964
FQ,J40502
FQ,J45462
FQ,J51511
FQ,J84622
GH,653
GH,J98098
GH,J98660
HA,1488
HA,J0010
HA,J0011
HA,J0058
HA,J0097
HA,J0106
HA,J0119
HA,J0129
HA,J0134
HA,J0195
HA,J0196
HA,J0209
HA,J0210
HA,J0225
HA,J0229
HA,J0247
HA,J0302
HA,J0306
HA,J0308
HA,J0327
HA,J0331
HA,J0332
HA,J0333
HA,J0364
HA,J0384
HA,J0385
HA,J0401
HA,J0633
HA,J11511
HA,J1213
HA,J12156
HA,J12242
HA,J12243
HA,J12455
HA,J1248
HA,J12491
HA,J1275
HA,J1278
HA,J1285
HA,J1294
HA,J1297
HA,J13430
HA,J13471
HA,J13581
HA,J1361
HA,J13791
HA,J1380
HA,J1435
HA,J15874
HA,J16410
HA,J1652
HA,J1891
HA,J2132
HA,J21330
HA,J21331
HA,J2165
HA,J23514
HA,J2355
HA,J2400
HA,J2401
HA,J2402
HA,J247
HA,J25641
HA,J26185
HA,J26326
HA,J3021
HA,J3147
HA,J32516
HA,J3371
HA,J34239
HA,J34346
HA,J34636
HA,J3512
HA,J36234
HA,J405
HA,J408
HA,J4180
HA,J4212
HA,J45896
HA,J47534
HA,J48547
HA,J506
HA,J5305
HA,J53722
HA,J5581
HA,J56562
HA,J598
HA,J63871
HA,J65284
HA,J65285
HA,J65289
HA,J68042
HA,J6871
HA,J69862
HA,J722
HA,J736
HA,J7369
HA,J77539
HA,J7812
HA,J7848
HA,J80864
HA,J840
HA,J8751
HA,J8885
HA,J910
HA,J9370
HA,J98514
HA,J98745
HA,J98828
HA,J98933
HA,J9895
HA,J98953
HA,J98954
HA,J98962
HA,J98965
HA,J98966
HA,J98969
HA,J98977
HA,J98992
HA,J98993
HA,J99965
HA,J99991
HA,J99992
HA,L1097
HA,L1235
HA,L260
HA,L262
HA,L354
HA,L355
HA,L383
HA,L483
HA,L5987
HA,P1175
HA,P1769
HA,P410
HA,S446
HF,J16565
HF,J23132
HF,J23410
HF,J50124
HH,L1019
HM,D1382
HM,J00120
HM,J0048
HM,J0091
HM,J0122
HM,J0248
HM,J0252
HM,J0289
HM,J1208
HM,J1211
HM,J12345
HM,J1700
HM,J18391
HM,J2200
HM,J2424
HM,J3247
HM,J3768
HM,J4700
HM,J54111
HM,J54889
HM,J5549
HM,J5933
HM,J63854
HM,J8365
HM,J84494
HM,J87960
HM,J88765
HM,J89545
HM,J94551
HM,J96088
HM,J985
HM,J98802
HM,J98885
HM,J98897
HM,J99000
HM,J99994
HM,L1730
HM,L1807
HM,L1855
IE,J0082
IE,J0083
IE,J0084
IE,J0085
IE,J08716
IE,J08717
IE,J08727
IE,J08728
IE,J10002
IE,J10003
IE,J10169
IE,J10170
IE,J10172
IE,J10173
IE,J11152
IE,J11154
IE,J11316
IE,J11991
IE,J14785
IE,J15232
IE,J15484
IE,J15611
IE,J15698
IE,J15724
IE,J15725
IE,J15726
IE,J15727
IE,J16563
IE,J19760
IE,J19761
IE,J21467
IE,J21905
IE,J21907
IE,J27373
IE,J3072
IE,J3074
IE,J31132
IE,J34561
IE,J39992
IE,J39995
IE,J4000
IE,J4001
IE,J4003
IE,J4004
IE,J4005
IE,J4330
IE,J4442
IE,J4443
IE,J4445
IE,J4446
IE,J4448
IE,J4452
IE,J4453
IE,J4455
IE,J4483
IE,J45160
IE,J45873
IE,J45874
IE,J49000
IE,J49001
IE,J49568
IE,J50446
IE,J50638
IE,J50713
IE,J50715
IE,J50793
IE,J51891
IE,J51892
IE,J51893
IE,J51894
IE,J54161
IE,J54501
IE,J54502
IE,J54503
IE,J56521
IE,J58311
IE,J58848
IE,J59659
IE,J6016
IE,J6103
IE,J6203
IE,J6205
IE,J6207
IE,J6213
IE,J6215
IE,J6216
IE,J63023
IE,J63028
IE,J63527
IE,J6381
IE,J63846
IE,J65483
IE,J69594
IE,J69975
IE,J70583
IE,J70585
IE,J71714
IE,J72214
IE,J72441
IE,J73250
IE,J7503
IE,J80191
IE,J8041
IE,J8051
IE,J81323
IE,J81324
IE,J86967
IE,J88551
IE,J93441
IE,J94230
IE,J96887
IE,J99818
IE,J99961
IE,J99964
IM,2050
IM,469
IM,J0003
IM,J0004
IM,J12412
IM,J1328
IM,J1408
IM,J15542
IM,J18583
IM,J23467
IM,J23793
IM,J34235
IM,J43648
IM,J5180
IM,J6543
IM,J65724
IM,J78567
IM,J78865
IN,J0533
IN,J17755
IN,J17756
IN,J25133
IN,J25134
IN,J40141
IN,J51268
IN,J51270
IN,J5348
IN,J5349
IN,J54346
IN,J59431
IN,J65436
IN,J6968
IN,J98821
IN,L1206
IR,1369
IR,1609
IR,J41604
IR,J54363
IR,J63258
IR,J77675
IU,J2348
IU,J2542
IU,J2543
IU,J2544
IU,J2550
IU,J75648
IU,J75649
IU,J75650
IU,J75651
IU,J77299
IV,1019
IV,J0009
IV,J56545
JA,J0002
JA,J0391
JA,J1608
JA,J2037
JA,J2061
JA,J23481
JA,J32644
JA,J45988
JA,J98559
JB,J0002
JB,J0144
JB,J0145
JB,J11891
JB,J17655
JB,J17882
JB,J18460
JB,J25151
JB,J25648
JB,J3000
JB,J34537
JB,J43852
JB,J4514
JB,J57890
JB,J8934
JB,J98143
JB,J98771
JB,J98772
JD,J0004
JD,J0070
JD,J13586
JD,J51267
JD,J65488
JD,J76801
JD,J89656
JD,J91633
JD,J9322
JD,J9323
JD,J99748
JG,J0104
JG,J0113
JG,J0136
JG,J0137
JG,J0138
JG,J08434
JG,J09722
JG,J0992
JG,J11736
JG,J11743
JG,J11745
JG,J12891
JG,J13021
JG,J1409
JG,J1531
JG,J1542
JG,J17816
JG,J19634
JG,J1990
JG,J21100
JG,J2358
JG,J2359
JG,J3247
JG,J3248
JG,J34242
JG,J34354
JG,J34355
JG,J35416
JG,J4081
JG,J4082
JG,J4522
JG,J48784
JG,J511
JG,J63314
JG,J65534
JG,J65535
JG,J85969
JG,J87423
JG,J88982
JG,J88983
JG,J89769
JG,J90132
JG,J98099
JG,J99046
JG,J99061
JG,J99102
JG,J99103
JG,J99454
JJ,J45878
JJ,J4590
JJ,J78883
JM,1304
JM,1656
JM,J0005
JM,J34345
JN,J1612
JN,J44032
JO,J1018
JO,J12240
JO,J1252
JO,J1412
JO,J1414
JO,J92892
JO,J97163
JO,J98914
JR,J0002
JR,J10172
JR,J16020
JR,J22522
JR,J47517
JR,J5400
JR,J7750
JR,J8946
KC,J5458
KD,J0350
KD,J0367
KD,J0372
KD,J0722
KD,J0830
KD,J0831
KD,J0865
KD,J6850
KD,J68988
KD,J72539
KD,J89706
KD,J99892
KD,J99907
KD,J99947
KM,J0058
KM,J0179
KM,J23401
KM,J28563
KM,J484
KM,J77
KM,J85648
KM,J9551
LA,D1372
LA,J0012
LA,J0035
LA,J0036
LA,J0054
LA,J0057
LA,J0086
LA,J0097
LA,J0160
LA,J0163
LA,J0168
LA,J0194
LA,J0262
LA,J0265
LA,J0276
LA,J0298
LA,J0489
LA,J10001
LA,J10002
LA,J1004
LA,J1017
LA,J1181
LA,J12121
LA,J12456
LA,J1275
LA,J14275
LA,J14341
LA,J1475
LA,J1490
LA,J15227
LA,J1571
LA,J1591
LA,J1612
LA,J1667
LA,J19632
LA,J20022
LA,J20024
LA,J2028
LA,J21654
LA,J21827
LA,J2200
LA,J2207
LA,J24153
LA,J2476
LA,J2478
LA,J24848
LA,J26384
LA,J26484
LA,J2720
LA,J2810
LA,J2839
LA,J2841
LA,J29020
LA,J2932
LA,J29901
LA,J29902
LA,J31995
LA,J32468
LA,J32475
LA,J3457
LA,J3536
LA,J4525
LA,J4531
LA,J4561
LA,J45959
LA,J47965
LA,J49564
LA,J5002
LA,J5003
LA,J50119
LA,J5240
LA,J5461
LA,J54876
LA,J54898
LA,J63215
LA,J65870
LA,J7124
LA,J71595
LA,J79005
LA,J87373
LA,J8795
LA,J99101
LA,J99662
LA,J99726
LA,J9975
LA,J99758
LA,J99768
LA,J99789
LA,J99838
LA,J99857
LA,J99864
LA,J99890
LA,J99982
LA,L1017
LA,L1462
LA,L1577
LA,L201
LA,L264
LA,L282
LA,L350
LA,S475
LB,A638
LB,J0012
LB,J0030
LB,J0048
LB,J0057
LB,J0086
LB,J0162
LB,J0192
LB,J0194
LB,J0276
LB,J0284
LB,J0489
LB,J08570
LB,J1004
LB,J1017
LB,J1189
LB,J14278
LB,J14341
LB,J1459
LB,J1475
LB,J1491
LB,J1612
LB,J16360
LB,J1801
LB,J20024
LB,J2027
LB,J2052
LB,J2100
LB,J2185
LB,J2200
LB,J2499
LB,J2720
LB,J28123
LB,J2897
LB,J2898
LB,J2932
LB,J31995
LB,J34501
LB,J3536
LB,J4000
LB,J40140
LB,J41519
LB,J4208
LB,J4239
LB,J49564
LB,J5010
LB,J5461
LB,J63215
LB,J71595
LB,J72653
LB,J7899
LB,J8795
LB,J96735
LB,J97690
LB,J97691
LB,J99152
LB,J9972
LB,J99721
LB,J9975
LB,J99797
LB,J99844
LB,J99863
LB,J99870
LB,J99873
LB,J99961
LB,J99984
LB,JJ1552
LB,L1017
LB,L1178
LB,L1189
LB,L1558
LB,L282
LB,L349
LB,L363
LB,L5249
LB,N5452
LB,N54521
LB,S475
LB,S657
LG,J0079
LG,J0156
LG,J640
LG,J74533
LG,J8653
LG,J9776
LH,J00014
LH,J0156
LH,J20881
LH,J2500
LH,J54588
LH,J74332
LH,J8653
LH,J89790
LH,S640
LK,J00009
LK,J0038
LK,J0061
LK,J0070
LK,J0075
LK,J0204
LK,J0236
LK,J0255
LK,J0256
LK,J07791
LK,J1017
LK,J1092
LK,J11952
LK,J1300
LK,J1426
LK,J14700
LK,J14941
LK,J1555
LK,J1588
LK,J1598
LK,J1600
LK,J16755
LK,J17004
LK,J2202
LK,J2206
LK,J2481
LK,J2615
LK,J3001
LK,J31632
LK,J32424
LK,J35465
LK,J4001
LK,J4561
LK,J4589
LK,J5190
LK,J52898
LK,J54007
LK,J54899
LK,J56464
LK,J56976
LK,J653
LK,J66515
LK,J67344
LK,J76433
LK,J7760
LK,J7844
LK,J7996
LK,J8477
LK,J86548
LK,J98808
LK,J98828
LK,J98830
LK,J98895
LK,J9891
LK,J9892
LK,J99697
LK,J99705
LK,L1675
LK,L261
LK,L291
LK,L342
LK,L355
LK,L362
LK,L363
LK,S1141
LK,S657
LL,J0013
LL,J0038
LL,J0060
LL,J0061
LL,J0075
LL,J0160
LL,J0188
LL,J0204
LL,J0211
LL,J0258
LL,J0259
LL,J1017
LL,J11133
LL,J1173
LL,J11951
LL,J11952
LL,J12072
LL,J14700
LL,J1510
LL,J1566
LL,J1597
LL,J16001
LL,J1693
LL,J2201
LL,J2205
LL,J30901
LL,J3101
LL,J41735
LL,J42266
LL,J42399
LL,J4489
LL,J4561
LL,J4589
LL,J48750
LL,J5011
LL,J5190
LL,J52898
LL,J54217
LL,J54366
LL,J54659
LL,J5586
LL,J66515
LL,J7161
LL,J7761
LL,J80978
LL,J85252
LL,J86548
LL,J87695
LL,J93532
LL,J96539
LL,J9848
LL,J98979
LL,J98980
LL,J98988
LL,J99008
LL,J9901
LL,J99029
LL,J99063
LL,J99074
LL,J99097
LL,J99106
LL,J99107
LL,J99108
LL,J9911
LL,J99132
LL,J99178
LL,J99697
LL,J99698
LL,J99703
LL,J99706
LL,J99783
LL,L1587
LL,L1597
LL,L1681
LL,L2504
LL,P1018
LL,S1141
LN,1305
LN,1394
LN,1619
LN,816
LN,991
LN,J4481
Mc,J35949
Md,J2546
Md,J5233
Md,J98611
Md,J9866
MZ,J0002
MZ,J0004
MZ,J18130
MZ,J42464
MZ,J46548
MZ,J46549
MZ,J50288
MZ,J6574
,J00092
,J00209
,J08712
,J1008
,J1018
,J1019
,J1206
,J1213
,J1250
,J1255
,J1809
,J2072
,J3214
,J32156
,J40141
,J4295
,J44734
,J44890
,J598
,J63236
,J663
,J73480
,J8070
,J85484
,J97300
,J97878
,J97967
,L397
ND,J1022
ND,J35478
ND,J5193
NF,J0045
NF,J0074
NF,J0247
NF,J09311
NF,J09312
NF,J09342
NF,J1212
NF,J1297
NF,J17160
NF,J1857
NF,J25848
NF,J31742
NF,J4123
NF,J4455
NF,J84327
NF,J9051
NF,L239
NF,L891
NF,P6749
NI,J14361
NI,J14929
NI,J3434
OA,A198
OA,J0006
OA,J0181
OA,J0221
OA,J0278
OA,J0280
OA,J0282
OA,J0369
OA,J0371
OA,J0379
OA,J0897
OA,J1000
OA,J1011
OA,J11949
OA,J22473
OA,J27346
OA,J3013
OA,J4013
OA,J4014
OA,J4127
OA,J4391
OA,J46200
OA,J46202
OA,J46284
OA,J46290
OA,J4866
OA,J611
OA,J614
OA,J7095
OA,J7096
OA,J7423
OA,J7424
OA,J97996
OA,J98076
OA,J98105
OB,J0018
OB,J0036
OB,J0037
OB,J0048
OB,J1173
OB,J15343
OB,J29965
OB,J84498
OK,769
PB,A638
PB,A639
PB,J0003
PB,J0005
PB,J0012
PB,J0013
PB,J0022
PB,J0048
PB,J0065
PB,J0076
PB,J0107
PB,J0109
PB,J0143
PB,J0189
PB,J0190
PB,J0191
PB,J0207
PB,J0223
PB,J0227
PB,J0248
PB,J0249
PB,J0264
PB,J0265
PB,J0274
PB,J0275
PB,J0286
PB,J0288
PB,J0291
PB,J0324
PB,J0325
PB,J03452
PB,J0645
PB,J0646
PB,J08423
PB,J1009
PB,J1015
PB,J10252
PB,J1055
PB,J1200
PB,J1203
PB,J12040
PB,J1211
PB,J12120
PB,J12132
PB,J1218
PB,J12345
PB,J12346
PB,J1300
PB,J1471
PB,J1487
PB,J15120
PB,J15415
PB,J15602
PB,J1599
PB,J1789
PB,J19057
PB,J2037
PB,J2038
PB,J2083
PB,J21591
PB,J2174
PB,J2175
PB,J2181
PB,J2182
PB,J2245
PB,J26315
PB,J26326
PB,J26532
PB,J27152
PB,J27243
PB,J2821
PB,J2822
PB,J28353
PB,J28473
PB,J29810
PB,J29812
PB,J29813
PB,J32126
PB,J32889
PB,J34579
PB,J36230
PB,J36231
PB,J36439
PB,J36457
PB,J36458
PB,J36766
PB,J36787
PB,J4002
PB,J401
PB,J4236
PB,J44215
PB,J4455
PB,J4539
PB,J48154
PB,J48253
PB,J48788
PB,J5000
PB,J5546
PB,J55844
PB,J56282
PB,J56615
PB,J59324
PB,J63145
PB,J63265
PB,J6367
PB,J6368
PB,J6397
PB,J64003
PB,J65174
PB,J65425
PB,J6566
PB,J6659
PB,J6744
PB,J6789
PB,J74654
PB,J75983
PB,J75984
PB,J78956
PB,J86965
PB,J8840
PB,J89023
PB,J8932
PB,J8968
PB,J89865
PB,J91689
PB,J91913
PB,J96226
PB,J9803
PB,J98718
PB,J9872
PB,J9873
PB,J9877
PB,J9900
PB,J99654
PB,J99720
PB,J99721
PB,J99788
PB,J9979
PB,J99831
PB,J99848
PB,J99871
PB,J99907
PB,J99908
PB,J99909
PB,J99910
PB,J99967
PB,J99968
PB,J99969
PB,L119
PB,L261
PB,L291
PB,L292
PB,L346
PB,L446
PB,P1088
PB,S572
PB,S598
PB,S599
PB,S643
PB,S651
PL,1173
PL,J00001
QB,1065
QB,J0010
QB,J0068
QB,J0069
QB,J0074
QB,J1148
QB,J1156
QB,J13242
QB,J14005
QB,J14006
QB,J14007
QB,J1402
QB,J1420
QB,J1421
QB,J1422
QB,J1423
QB,J17760
QB,J17763
QB,J2350
QB,J2352
QB,J5896
QB,J7007
QB,J8730
QB,J8731
QB,J98560
QB,J98561
QB,J98608
QB,J98609
QB,L632
QG,J00028
QG,J00029
QG,J00031
QG,J0008
QG,J0009
QG,J0045
QG,J0071
QG,J0072
QG,J0129
QG,J0132
QG,J0142
QG,J0144
QG,J0186
QG,J0257
QG,J0283
QG,J0288
QG,J0301
QG,J0324
QG,J0428
QG,J0430
QG,J0432
QG,J0434
QG,J0482
QG,J0489
QG,J0522
QG,J0533
QG,J0534
QG,J0546
QG,J0572
QG,J0575
QG,J0611
QG,J0628
QG,J0629
QG,J0634
QG,J06400
QG,J1121
QG,J11212
QG,J11292
QG,J115
QG,J1213
QG,J1214
QG,J1234
QG,J15152
QG,J1844
QG,J1846
QG,J18590
QG,J2040
QG,J2050
QG,J2052
QG,J2070
QG,J2080
QG,J2090
QG,J2100
QG,J2395
QG,J250
QG,J2540
QG,J2559
QG,J2590
QG,J2765
QG,J31233
QG,J32
QG,J322
QG,J35300
QG,J3560
QG,J3940
QG,J4166
QG,J4501
QG,J4502
QG,J4504
QG,J4523
QG,J47635
QG,J47661
QG,J491
QG,J493
QG,J5203
QG,J5207
QG,J53456
QG,J5549
QG,J556
QG,J566
QG,J64643
QG,J7146
QG,J78121
QG,J8091
QG,J8092
QG,J8555
QG,J89679
QG,J8973
QG,J89769
QG,J89770
QG,J94566
QG,J94567
QG,J94568
QG,L493
RA,J0053
RA,J0075
RA,J0119
RA,J01877
RA,J0231
RA,J0352
RA,J0353
RA,J0439
RA,J0557
RA,J1209
RA,J1254
RA,J1299
RA,J1300
RA,J2199
RA,J2201
RA,J2202
RA,J2203
RA,J23161
RA,J2409
RA,J2507
RA,J26629
RA,J2732
RA,J3112
RA,J31522
RA,J3211
RA,J32159
RA,J3643
RA,J3968
RA,J4070
RA,J44500
RA,J44564
RA,J4586
RA,J5201
RA,J54511
RA,J55857
RA,J6530
RA,J68456
RA,J6874
RA,J93643
RA,J9686
RA,J9895
RA,J99016
RA,J99090
RA,J99135
RA,J99363
RA,L1100
RA,L1311
RA,L2206
RA,L365
RA,P1249
RJ,D1383
RJ,J0045
RJ,J15842
RJ,J4492
RJ,J54322
RJ,J9890
RJ,J9891
RJ,J99004
RJ,J99929
RJ,P106
SA,A195
SA,A747
SA,J0012
SA,J0019
SA,J0122
SA,J0123
SA,J0139
SA,J0140
SA,J0141
SA,J0142
SA,J0152
SA,J0174
SA,J0179
SA,J0196
SA,J1013
SA,J1018
SA,J1044
SA,J1058
SA,J1201
SA,J1207
SA,J12240
SA,J12555
SA,J1294
SA,J13523
SA,J1414
SA,J15020
SA,J1547
SA,J1605
SA,J1951
SA,J23999
SA,J2678
SA,J27757
SA,J29465
SA,J3303
SA,J34582
SA,J34583
SA,J431
SA,J44380
SA,J45787
SA,J45788
SA,J479
SA,J51267
SA,J53667
SA,J5570
SA,J61889
SA,J638
SA,J64342
SA,J651
SA,J6576
SA,J71246
SA,J71249
SA,J84843
SA,J8543
SA,J8546
SA,J87588
SA,J8771
SA,J87848
SA,J9346
SA,J95709
SA,J97888
SA,J97893
SA,J97909
SA,J97928
SA,J98000
SA,J98891
SA,L12231
SA,L12244
SA,L1349
SA,L242
SA,L296
SA,L653
SA,L656
SA,P1804
SA,S679
SB,A178
SB,J0008
SB,J0017
SB,J0020
SB,J0059
SB,J1201
SB,J12455
SB,J1325
SB,J2058
SB,J2179
SB,J2180
SB,J25848
SB,J308
SB,J3431
SB,J34357
SB,J42104
SB,J4562
SB,J62598
SB,J63521
SB,J64650
SB,J65474
SB,J749
SB,J769
SB,J77791
SB,J7812
SB,J7813
SB,J81431
SB,J8478
SB,J89898
SB,J90656
SB,J98696
SB,J98749
SB,L2068
SB,L5171
SB,P1804
SB,S653
SD,1019
SD,1212
SD,J7016
SG,119
SG,1209
SG,1300
SG,1327
SG,572
SG,J0002
SG,J46546
SG,J780
SL,572
TA,J00001
TA,J00002
TA,J0007
TA,J0018
TA,J0022
TA,J1008
TA,J1019
TA,J1094
TA,J1098
TA,J1229
TA,J1252
TA,J1484
TA,J16561
TA,J23300
TA,J2810
TA,J2811
TA,J3261
TA,J42319
TA,J4269
TA,J5412
TA,J5446
TA,J56789
TA,J62533
TA,J68641
TA,J74522
TA,J74536
TA,J78459
TA,J7974
TA,J85141
TA,J99949
TB,J0007
TB,J1019
TB,J1094
TB,J1229
TB,J1252
TB,J1484
TB,J1513
TB,J16561
TB,J17655
TB,J2615
TB,J3261
TB,J3488
TB,J42319
TB,J46459
TB,J56789
TB,J56790
TB,J6121
TB,J62533
TB,J78459
TB,J85141
TB,P1019
TC,2080
TC,D280
TC,J0007
TC,J0070
TC,J0113
TC,J1094
TC,J1211
TC,J1215
TC,J12455
TC,J1325
TC,J1551
TC,J1621
TC,J1749
TC,J1965
TC,J247
TC,J40001
TC,J41560
TC,J46537
TC,J506
TC,J5140
TC,J56498
TC,J94185
TC,J98067
TC,J98099
TC,J98607
TC,J98987
TC,J99018
TC,L1052
TC,L297
TD,623786
TD,J0007
TD,J0070
TD,J0113
TD,J0116
TD,J1211
TD,J12456
TD,J1325
TD,J1360
TD,J16571
TD,J1701
TD,J247
TD,J29786
TD,J38760
TD,J43423
TD,J8490
TD,J94186
TD,J96891
TD,J98544
TD,J98561
TD,J98605
TD,L1052
TD,L297
TE,D280
TE,J0017
TE,J0028
TE,J0110
TE,J01270
TE,J1019
TE,J1440
TE,J1497
TE,J2083
TE,J2091
TE,J432
TE,J439
TE,J506
TE,J51267
TE,J5726
TE,J5850
TE,J62315
TE,J6405
TE,J66899
TE,J8788
TE,J97428
TE,J97432
TE,J97483
TF,J0017
TF,J0064
TF,J01280
TF,J1019
TF,J1440
TF,J1497
TF,J439
TF,J506
TF,J62315
TF,J6405
TF,J6501
TF,J66899
TF,J84635
TF,J9741
TF,J97429
TF,J97483
TF,J97497
TF,L240
TF,L653
TK,1444
TK,442
TK,616
TK,J0002
TK,J0932
TK,J1019
TK,J83768
TL,446
TL,J0002
TL,J0932
TL,J1019
TL,J1419
TL,J652
TN,1973
TN,J10285
TN,J43546
TN,J48952
TN,J48953
TN,J85355
TN,J90661
TS,J8920
TS,J8921
TU,1173
TU,J23755
TV,J03030
TV,J03031
TV,J1213
TV,J56781
TV,J56782
TV,J63202
TW,J0150
TW,J74054
TW,J75054
UA,2262
UA,J1769
UA,J6741
UA,L1008
UA,P1090
UB,J0073
UB,J2047
UB,J23301
UB,J94123
UB,J99631
UC,J1211
UC,J1291
UC,J34264
UC,L1052
UD,J1211
UD,J1291
UD,J1340
UD,J5493
UE,J0065
UE,J1193
UE,J84691
UE,J84692
UE,J97990
UF,J0065
UF,J0114
UF,J84692
UF,J97989
UP,J484
VA,J0280
VA,J1609
VA,J1610
VA,J5458
VA,J613
VA,J76291
VA,J76292
VA,J83741
VA,J91303
VA,J98912
VB,J0004
VB,J50050
VB,J74544
VB,J8960
VI,A197
VI,J00348
VI,J0066
VI,J0070
VI,J0102
VI,J0106
VI,J0117
VI,J03690
VI,J1176
VI,J12230
VI,J1260
VI,J1271
VI,J1500
VI,J17569
VI,J18060
VI,J2470
VI,J26142
VI,J2802
VI,J2838
VI,J30115
VI,J30450
VI,J31701
VI,J32106
VI,J3490
VI,J41054
VI,J42117
VI,J43522
VI,J45158
VI,J45478
VI,J5060
VI,J53642
VI,J596
VI,J60211
VI,J60213
VI,J62533
VI,J63561
VI,J65804
VI,J7492
VI,J75357
VI,J807
VI,J8182
VI,J8183
VI,J8975
VI,J8976
VI,J90326
VI,J91247
VI,J91248
VI,J9318
VI,J97972
VI,J9849
VI,J9850
VI,J98504
VI,J98505
VI,J98527
VI,J9854
VI,J98574
VI,J98584
VI,J98585
VI,J98619
VI,J98642
VI,J98652
VI,J99063
VI,J9954
VI,J9956
VI,J9957
VI,L15111
VI,L782
VI,L810
VI,L9331
VI,P1763
WA,J0019
WA,J0022
WA,J0052
WA,J0077
WA,J1011
WA,J1015
WA,J1216
WA,J1395
WA,J1508
WA,J1509
WA,J1525
WA,J1901
WA,J31616
WA,J33526
WA,J46586
WA,J48655
WA,J48656
WA,J5362
WA,J5458
WA,J5459
WA,J604
WA,J61216
WA,J63262
WA,J65200
WA,J69995
WA,J8110
WA,J8120
WA,J83734
WA,J89654
WA,J98465
WA,J99166
WA,J99177
WA,J99905
WA,J99915
WA,J99944
WA,L270
WA,L398
WA,P1019
WB,1019
WB,J1208
WB,J3412
WB,J3413
WB,J656
WB,J87345
WB,J94127
WD,J0126
WD,J0127
WD,J0146
WD,J0171
WD,J0173
WD,J0251
WD,J0252
WD,J04213
WD,J0447
WD,J1007
WD,J1121
WD,J11350
WD,J11351
WD,J11353
WD,J2482
WD,J2486
WD,J2906
WD,J2907
WD,J41528
WD,J50307
WD,J51667
WD,J51668
WD,J5416
WD,J6530
WD,J6531
WD,J6532
WD,J6533
WD,J66456
WD,J66655
WD,J75482
WD,J77499
WD,J81518
WD,J88902
WD,J88916
WD,J88917
WD,J88919
WD,J95821
WD,J95822
WF,1019
WG,J21963
WG,J36416
WG,J54515
WG,J72339
WH,J0079
WH,J0080
WH,J0081
WH,J0083
WH,J0084
WH,J0085
WH,J0086
WH,J0087
WH,J0088
WH,J0089
WH,J0090
WH,J1199
WH,J1245
WH,J1246
WH,J1974
WH,J65879
WH,J7446
WH,J7447
WH,J7448
WH,J78496
WH,J8426
WH,J8527
WH,J8528
WH,J8529
WH,J89765
WH,J96526
WH,J99394
WH,J99398
WI,1369
WI,A193
WI,J11480
WI,J11606
WI,J12061
WI,J12700
WI,J1556
WI,J18517
WI,J2387
WI,J27280
WI,J361
WI,J45367
WI,J63349
WI,J63350
WI,J634
WI,J63558
WI,J89321
WI,S106
WK,J32549
WK,J38989
WK,J4123
WP,1444
WP,432
WS,J0004
WS,J0076
WS,J0179
WS,J02801
WS,J0345
WS,J0348
WS,J0349
WS,J0361
WS,J0421
WS,J0564
WS,J0565
WS,J0604
WS,J0688
WS,J0689
WS,J0692
WS,J1846
WS,J2244
WS,J2289
WS,J2616
WS,J2698
WS,J27344
WS,J28565
WS,J2936
WS,J3002
WS,J32847
WS,J35472
WS,J42517
WS,J5521
WS,J63262
WS,J63654
WS,J63788
WS,J65201
WS,J67548
WS,J68548
WS,J69212
WS,J77566
WS,J7807
WS,J8138
WS,J99100
WS,J99101
WS,J99189
WS,J99194
WS,J99213
WS,J99394
WS,J99483
WS,J99721
WS,J99747
WS,J99772
WS,L698
WU,436
WU,J0003
WU,J83761
XT,J56888
XT,J86490
XZ,J7185
XZ,J76827
XZ,J76828
XZ,J91979
XZ,J91980
YL,J0017
YL,J16114
YL,J16115
YL,J1974
YL,J1975
YL,J21971
YL,J31972
YL,J4198
YL,J6533
YL,J86854
YL,J89166
YL,J89167
YL,J89244
YL,J89248
YL,J89276
